,mIOU,Speed (ms)
2007_000033.jpg,0.921843409538269,0.0
2007_000042.jpg,0.872151255607605,0.0
2007_000061.jpg,0.791111946105957,0.0
2007_000123.jpg,0.6329643130302429,0.0
2007_000129.jpg,0.797504186630249,0.0
2007_000175.jpg,0.8442585468292236,0.0
2007_000187.jpg,0.8898016214370728,0.0
2007_000323.jpg,0.9123650193214417,0.0
2007_000332.jpg,0.5210015177726746,0.0
2007_000346.jpg,0.9435467720031738,0.0
2007_000452.jpg,0.2649960517883301,0.0
2007_000464.jpg,0.9111068248748779,0.0
2007_000491.jpg,0.9342619180679321,0.0
2007_000529.jpg,0.48722895979881287,0.0
2007_000559.jpg,0.6328129172325134,0.0
2007_000572.jpg,0.3504657447338104,0.0
2007_000629.jpg,0.31860893964767456,0.0
2007_000636.jpg,0.6241292953491211,0.0
2007_000661.jpg,0.4565090537071228,0.0
2007_000663.jpg,0.4803965091705322,0.0
2007_000676.jpg,0.9704868793487549,0.0
2007_000727.jpg,0.7379124760627747,0.0
2007_000762.jpg,0.6480350494384766,0.0
2007_000783.jpg,0.820290744304657,0.0
2007_000799.jpg,0.8140642046928406,0.0
2007_000804.jpg,0.4945533871650696,0.0
2007_000830.jpg,0.480124294757843,0.0
2007_000837.jpg,0.6745734214782715,0.0
2007_000847.jpg,0.4098365008831024,0.0
2007_000862.jpg,0.5140981674194336,0.0
2007_000925.jpg,0.9320297837257385,0.0
2007_000999.jpg,0.8514571189880371,0.0
2007_001154.jpg,0.7451074719429016,0.0
2007_001175.jpg,0.26847290992736816,0.0
2007_001239.jpg,0.8989165425300598,0.0
2007_001284.jpg,0.9043954014778137,0.0
2007_001288.jpg,0.8633642196655273,0.0
2007_001289.jpg,0.8729215264320374,0.0
2007_001299.jpg,0.9008795619010925,0.0
2007_001311.jpg,0.648499071598053,0.0
2007_001321.jpg,0.856476366519928,0.0
2007_001377.jpg,0.24909287691116333,0.0
2007_001408.jpg,0.4350128769874573,0.0
2007_001423.jpg,0.865286111831665,0.0
2007_001430.jpg,0.3126641511917114,0.0
2007_001457.jpg,0.8098304271697998,0.0
2007_001458.jpg,0.5587911009788513,0.0
2007_001526.jpg,0.8507521152496338,0.9987
2007_001568.jpg,0.9402258396148682,0.0
2007_001585.jpg,0.3840199410915375,0.0
2007_001586.jpg,0.7554780840873718,0.0
2007_001587.jpg,0.6482133269309998,0.0
2007_001594.jpg,0.2836623787879944,0.9973
2007_001630.jpg,0.5189098119735718,0.0
2007_001677.jpg,0.6962411999702454,0.0
2007_001678.jpg,0.5936586856842041,0.0
2007_001717.jpg,0.414954274892807,0.0
2007_001733.jpg,0.8288087844848633,0.0
2007_001761.jpg,0.9200665354728699,0.0
2007_001763.jpg,0.5171480178833008,0.0
2007_001774.jpg,0.9409986734390259,0.0
2007_001884.jpg,0.33433565497398376,0.0
2007_001955.jpg,0.32145175337791443,0.0
2007_002046.jpg,0.922044038772583,0.9947
2007_002094.jpg,0.8790433406829834,0.0
2007_002119.jpg,0.4182199239730835,0.0
2007_002132.jpg,0.962967038154602,0.0
2007_002260.jpg,0.9674776792526245,0.0
2007_002266.jpg,0.9308502674102783,0.0
2007_002268.jpg,0.3441113531589508,0.9952
2007_002284.jpg,0.7779755592346191,0.0
2007_002376.jpg,0.8724051117897034,0.0
2007_002378.jpg,0.26460695266723633,0.0
2007_002387.jpg,0.5480145812034607,0.0
2007_002400.jpg,0.9758563041687012,1.0002
2007_002412.jpg,0.6437017917633057,0.0
2007_002426.jpg,0.34728625416755676,0.0
2007_002427.jpg,0.2955302298069,0.0
2007_002445.jpg,0.9069925546646118,0.0
2007_002470.jpg,0.42246338725090027,0.0
2007_002539.jpg,0.5915440320968628,0.0
2007_002565.jpg,0.783848762512207,0.0
2007_002597.jpg,0.49058833718299866,0.0
2007_002618.jpg,0.8826411962509155,0.9961
2007_002619.jpg,0.6158557534217834,0.0
2007_002624.jpg,0.6447646617889404,0.0
2007_002643.jpg,0.4253261089324951,0.0
2007_002648.jpg,0.8637658953666687,0.0
2007_002719.jpg,0.5056390762329102,0.0
2007_002728.jpg,0.8594548106193542,0.0
2007_002823.jpg,0.8101859092712402,0.0
2007_002824.jpg,0.60834139585495,0.0
2007_002852.jpg,0.9173908233642578,0.0
2007_002903.jpg,0.9430209398269653,0.0
2007_003011.jpg,0.4730989336967468,0.0
2007_003020.jpg,0.7231941223144531,0.0
2007_003022.jpg,0.6989732384681702,0.0
2007_003051.jpg,0.9748187065124512,0.0
2007_003088.jpg,0.49877291917800903,0.0
2007_003101.jpg,0.6148865222930908,0.0
2007_003106.jpg,0.45097416639328003,0.0
2007_003110.jpg,0.23923195898532867,0.0
2007_003131.jpg,0.8621602654457092,1.0009
2007_003134.jpg,0.594351053237915,0.0
2007_003137.jpg,0.9468380212783813,0.0
2007_003143.jpg,0.9636896848678589,0.0
2007_003169.jpg,0.4838491380214691,0.0
2007_003188.jpg,0.6599957942962646,0.0
2007_003194.jpg,0.8745900392532349,0.0
2007_003195.jpg,0.6094276905059814,0.0
2007_003201.jpg,0.8669473528862,0.0
2007_003349.jpg,0.9571683406829834,0.0
2007_003367.jpg,0.5857626795768738,0.0
2007_003373.jpg,0.7997502684593201,0.0
2007_003499.jpg,0.9580641984939575,0.0
2007_003503.jpg,0.5613657236099243,0.0
2007_003506.jpg,0.37392327189445496,0.0
2007_003530.jpg,0.49274176359176636,0.0
2007_003571.jpg,0.680173397064209,0.0
2007_003587.jpg,0.3909711241722107,0.0
2007_003611.jpg,0.33287468552589417,0.0
2007_003621.jpg,0.4252099096775055,0.0
2007_003682.jpg,0.6747136116027832,0.0
2007_003711.jpg,0.5362497568130493,0.0
2007_003714.jpg,0.24876509606838226,0.0
2007_003742.jpg,0.6573612689971924,0.0
2007_003786.jpg,0.5123371481895447,0.0
2007_003841.jpg,0.7346546649932861,0.0
2007_003848.jpg,0.9250568151473999,0.0
2007_003861.jpg,0.9047951698303223,0.0
2007_003872.jpg,0.24854277074337006,0.0
2007_003917.jpg,0.9135336875915527,0.0
2007_003957.jpg,0.8978234529495239,0.0
2007_003991.jpg,0.9674898386001587,0.0
2007_004033.jpg,0.3588889241218567,0.0
2007_004052.jpg,0.9300682544708252,0.9973
2007_004112.jpg,0.35823002457618713,0.0
2007_004121.jpg,0.5376752018928528,0.0
2007_004143.jpg,0.9581599831581116,0.0
2007_004189.jpg,0.2100461721420288,0.0
2007_004190.jpg,0.9187941551208496,0.0
2007_004193.jpg,0.5131241083145142,0.0
2007_004241.jpg,0.42764776945114136,0.0
2007_004275.jpg,0.6765803098678589,0.0
2007_004281.jpg,0.9203657507896423,0.0
2007_004380.jpg,0.6894463896751404,0.0
2007_004392.jpg,0.3393242061138153,0.0
2007_004405.jpg,0.508176863193512,0.0
2007_004468.jpg,0.5715060234069824,0.0
2007_004483.jpg,0.9634391069412231,0.0
2007_004510.jpg,0.7785272002220154,0.0
2007_004538.jpg,0.7671189308166504,0.0
2007_004558.jpg,0.6622625589370728,0.0
2007_004644.jpg,0.2589760720729828,0.0
2007_004649.jpg,0.6036704182624817,0.0
2007_004712.jpg,0.3183295428752899,0.0
2007_004722.jpg,0.36715587973594666,0.0
2007_004856.jpg,0.9112650156021118,0.0
2007_004866.jpg,0.8172749876976013,0.0
2007_004902.jpg,0.9374381899833679,0.0
2007_004969.jpg,0.9466674327850342,0.0
2007_005058.jpg,0.8017802834510803,0.0
2007_005074.jpg,0.4087778627872467,0.0
2007_005107.jpg,0.526906430721283,0.0
2007_005114.jpg,0.49975350499153137,0.0
2007_005149.jpg,0.6064364910125732,0.0
2007_005173.jpg,0.723254919052124,0.0
2007_005281.jpg,0.6488730907440186,0.0
2007_005294.jpg,0.3649318218231201,0.0
2007_005296.jpg,0.5593286752700806,0.0
2007_005304.jpg,0.8488476276397705,0.0
2007_005331.jpg,0.8456720113754272,0.0
2007_005354.jpg,0.8229233622550964,0.0
2007_005358.jpg,0.32958337664604187,0.0
2007_005428.jpg,0.7576481103897095,0.0
2007_005460.jpg,0.9243121147155762,0.9942
2007_005469.jpg,0.24376213550567627,0.0
2007_005509.jpg,0.5352513790130615,0.0
2007_005547.jpg,0.8309490084648132,0.0
2007_005600.jpg,0.5120783448219299,0.0
2007_005608.jpg,0.7802021503448486,0.9992
2007_005626.jpg,0.8597338199615479,0.0
2007_005689.jpg,0.9359691143035889,0.0
2007_005696.jpg,0.8645609617233276,0.0
2007_005705.jpg,0.5729259252548218,0.0
2007_005759.jpg,0.6323160529136658,0.0
2007_005803.jpg,0.28590211272239685,0.0
2007_005813.jpg,0.5484158992767334,0.0
2007_005828.jpg,0.6183497905731201,0.0
2007_005844.jpg,0.3610195219516754,0.0
2007_005845.jpg,0.6976061463356018,0.0
2007_005857.jpg,0.6422016620635986,0.0
2007_005911.jpg,0.9764629006385803,0.0
2007_005915.jpg,0.9172507524490356,0.0
2007_005978.jpg,0.45440396666526794,0.0
2007_006028.jpg,0.33937111496925354,0.9887
2007_006035.jpg,0.4755617678165436,0.0
2007_006046.jpg,0.49481239914894104,0.0
2007_006076.jpg,0.6071300506591797,0.0
2007_006086.jpg,0.5533188581466675,0.0
2007_006117.jpg,0.6518837213516235,0.0
2007_006171.jpg,0.5416732430458069,0.0
2007_006241.jpg,0.574874758720398,0.0
2007_006260.jpg,0.5545480251312256,0.0
2007_006277.jpg,0.9555802941322327,0.0
2007_006348.jpg,0.7026708126068115,0.0
2007_006364.jpg,0.8973978161811829,0.0
2007_006373.jpg,0.8839756846427917,0.0
2007_006444.jpg,0.6564539074897766,0.0
2007_006449.jpg,0.4418152868747711,0.0
2007_006549.jpg,0.5964015126228333,0.9947
2007_006553.jpg,0.4047050178050995,0.0
2007_006560.jpg,0.8902356624603271,0.0
2007_006647.jpg,0.5820014476776123,0.0
2007_006678.jpg,0.8522218465805054,0.0
2007_006680.jpg,0.8641669750213623,0.0
2007_006698.jpg,0.9258499145507812,0.0
2007_006761.jpg,0.9298338890075684,0.0
2007_006802.jpg,0.6234993934631348,0.0
2007_006837.jpg,0.330748051404953,0.0
2007_006841.jpg,0.7142629027366638,0.0
2007_006864.jpg,0.6348114013671875,0.0
2007_006866.jpg,0.763883113861084,0.0
2007_006946.jpg,0.913206934928894,0.0
2007_007007.jpg,0.36034244298934937,0.0
2007_007084.jpg,0.9020034074783325,0.0
2007_007109.jpg,0.7631673812866211,0.0
2007_007130.jpg,0.44594812393188477,0.0
2007_007165.jpg,0.7835999727249146,0.0
2007_007168.jpg,0.9527161121368408,0.0
2007_007195.jpg,0.813404381275177,0.0
2007_007196.jpg,0.8543045520782471,0.0
2007_007203.jpg,0.5352055430412292,0.0
2007_007211.jpg,0.9613937139511108,0.0
2007_007235.jpg,0.6332579255104065,0.0
2007_007341.jpg,0.216970294713974,0.0
2007_007414.jpg,0.8350153565406799,0.0
2007_007417.jpg,0.25430694222450256,0.0
2007_007470.jpg,0.8565165996551514,0.0
2007_007477.jpg,0.8490941524505615,0.0
2007_007493.jpg,0.3806597590446472,0.0
2007_007498.jpg,0.25209152698516846,0.9942
2007_007524.jpg,0.9550464153289795,0.0
2007_007534.jpg,0.9338750839233398,0.0
2007_007624.jpg,0.7875616550445557,0.0
2007_007651.jpg,0.6622540354728699,0.0
2007_007688.jpg,0.39972490072250366,0.0
2007_007748.jpg,0.7924620509147644,0.0
2007_007795.jpg,0.38304877281188965,0.0
2007_007810.jpg,0.8694837689399719,0.0
2007_007815.jpg,0.599507749080658,0.0
2007_007818.jpg,0.23819828033447266,0.0
2007_007836.jpg,0.5402582287788391,0.0
2007_007849.jpg,0.36301901936531067,0.0
2007_007881.jpg,0.9095422625541687,0.0
2007_007996.jpg,0.3195052146911621,0.0
2007_008051.jpg,0.9505768418312073,0.0
2007_008084.jpg,0.2566697895526886,0.0
2007_008106.jpg,0.3307555317878723,0.0
2007_008110.jpg,0.4430023729801178,0.0
2007_008204.jpg,0.5460323095321655,0.0
2007_008222.jpg,0.9369451403617859,0.0
2007_008256.jpg,0.8109763264656067,0.0
2007_008260.jpg,0.6357654929161072,0.0
2007_008339.jpg,0.942413330078125,0.0
2007_008374.jpg,0.3519081473350525,0.0
2007_008415.jpg,0.9082800149917603,0.0
2007_008430.jpg,0.640631377696991,0.0
2007_008543.jpg,0.4885875880718231,0.0
2007_008547.jpg,0.38771331310272217,0.0
2007_008596.jpg,0.7800531387329102,0.0
2007_008645.jpg,0.6671872138977051,0.0
2007_008670.jpg,0.7076382637023926,0.0
2007_008708.jpg,0.4795897305011749,0.0
2007_008722.jpg,0.3957548439502716,0.0
2007_008747.jpg,0.8069917559623718,0.0
2007_008802.jpg,0.5868388414382935,0.0
2007_008815.jpg,0.9486476182937622,0.0
2007_008897.jpg,0.6515528559684753,0.0
2007_008944.jpg,0.822182297706604,0.0
2007_008964.jpg,0.290122926235199,0.0
2007_008973.jpg,0.6313825249671936,0.0
2007_008980.jpg,0.9388120770454407,0.0
2007_009015.jpg,0.8686985969543457,0.0
2007_009068.jpg,0.33246058225631714,0.0
2007_009084.jpg,0.4851434826850891,0.9973
2007_009088.jpg,0.4028748571872711,0.0
2007_009096.jpg,0.9298557043075562,0.0
2007_009221.jpg,0.9256162643432617,1.0281
2007_009245.jpg,0.86720871925354,0.0
2007_009251.jpg,0.7537814974784851,0.0
2007_009252.jpg,0.5038259625434875,0.0
2007_009258.jpg,0.587666928768158,0.0
2007_009320.jpg,0.7757781147956848,0.0
2007_009323.jpg,0.9078971743583679,0.0
2007_009331.jpg,0.4807043969631195,0.0
2007_009346.jpg,0.9302952885627747,0.0
2007_009392.jpg,0.47001051902770996,0.0
2007_009413.jpg,0.5227236747741699,0.0
2007_009419.jpg,0.4877597689628601,0.9983
2007_009446.jpg,0.7764600515365601,0.0
2007_009458.jpg,0.44540804624557495,0.0
2007_009521.jpg,0.7450270652770996,0.9975
2007_009562.jpg,0.9629430770874023,0.0
2007_009592.jpg,0.43029284477233887,0.0
2007_009654.jpg,0.6814742088317871,0.0
2007_009655.jpg,0.28835877776145935,0.0
2007_009684.jpg,0.6680762767791748,0.0
2007_009687.jpg,0.5930279493331909,0.0
2007_009691.jpg,0.8784034848213196,0.0
2007_009706.jpg,0.4251111149787903,0.0
2007_009750.jpg,0.6977599263191223,0.0
2007_009756.jpg,0.875523567199707,0.0
2007_009764.jpg,0.9281406402587891,0.0
2007_009794.jpg,0.9682103395462036,0.0
2007_009817.jpg,0.8993098735809326,0.0
2007_009841.jpg,0.804750919342041,0.0
2007_009897.jpg,0.9291477203369141,0.0
2007_009911.jpg,0.9472593069076538,0.0
2007_009923.jpg,0.9577867388725281,0.0
2007_009938.jpg,0.4596531391143799,0.0
2008_000009.jpg,0.8127098083496094,0.0
2008_000016.jpg,0.4817418158054352,0.0
2008_000073.jpg,0.6142356991767883,0.0
2008_000075.jpg,0.957283616065979,0.0
2008_000080.jpg,0.8941671848297119,0.0
2008_000107.jpg,0.43151623010635376,0.0
2008_000120.jpg,0.6811447739601135,0.0
2008_000123.jpg,0.8893953561782837,0.0
2008_000149.jpg,0.48433229327201843,0.0
2008_000182.jpg,0.9399411678314209,0.0
2008_000213.jpg,0.9613276124000549,0.0
2008_000215.jpg,0.9515566825866699,0.0
2008_000223.jpg,0.5790640711784363,0.0
2008_000233.jpg,0.8590974807739258,0.0
2008_000234.jpg,0.9325226545333862,0.0
2008_000239.jpg,0.9311962127685547,0.0
2008_000254.jpg,0.6052810549736023,0.0
2008_000270.jpg,0.4487918019294739,0.0
2008_000271.jpg,0.9375901222229004,0.0
2008_000345.jpg,0.9764795303344727,0.0
2008_000359.jpg,0.9492162466049194,0.0
2008_000391.jpg,0.7673049569129944,0.0
2008_000401.jpg,0.8535408973693848,0.0
2008_000464.jpg,0.93992680311203,0.0
2008_000469.jpg,0.3710862100124359,0.0
2008_000474.jpg,0.5562171339988708,0.0
2008_000501.jpg,0.9620686769485474,0.9985
2008_000510.jpg,0.5361363887786865,0.0
2008_000533.jpg,0.9561012983322144,0.0
2008_000573.jpg,0.8074538111686707,0.0
2008_000589.jpg,0.49653658270835876,0.0
2008_000602.jpg,0.9617636203765869,0.0
2008_000630.jpg,0.5961272716522217,0.0
2008_000657.jpg,0.9571284055709839,0.0
2008_000661.jpg,0.8640782833099365,0.0
2008_000662.jpg,0.8340274095535278,0.0
2008_000666.jpg,0.8859168291091919,0.9987
2008_000673.jpg,0.7369585037231445,0.0
2008_000700.jpg,0.8821899890899658,0.0
2008_000725.jpg,0.5372027158737183,0.0
2008_000731.jpg,0.48701053857803345,0.0
2008_000763.jpg,0.2002723217010498,0.0
2008_000765.jpg,0.34972286224365234,0.0
2008_000782.jpg,0.9370546340942383,0.0
2008_000795.jpg,0.5919468402862549,0.0
2008_000811.jpg,0.721834123134613,0.0
2008_000848.jpg,0.774043619632721,0.0
2008_000853.jpg,0.5111143589019775,0.0
2008_000863.jpg,0.5983403325080872,0.0
2008_000911.jpg,0.5737589597702026,0.0
2008_000919.jpg,0.9693110585212708,0.0
2008_000943.jpg,0.9704248905181885,0.0
2008_000992.jpg,0.9732803106307983,0.0
2008_001013.jpg,0.363308846950531,0.0
2008_001028.jpg,0.903140127658844,0.9899
2008_001040.jpg,0.835927426815033,0.9968
2008_001070.jpg,0.641381561756134,0.0
2008_001074.jpg,0.61139315366745,0.0
2008_001076.jpg,0.41572821140289307,0.0
2008_001078.jpg,0.7426443099975586,0.0
2008_001135.jpg,0.7478792071342468,0.0
2008_001150.jpg,0.4485069513320923,0.0
2008_001170.jpg,0.6307899355888367,0.0
2008_001231.jpg,0.627551257610321,0.0
2008_001249.jpg,0.9262043833732605,0.0
2008_001260.jpg,0.8354730606079102,0.0
2008_001283.jpg,0.4834746718406677,0.0
2008_001308.jpg,0.30696073174476624,0.0
2008_001379.jpg,0.9705208539962769,0.0
2008_001404.jpg,0.5565506219863892,0.0
2008_001433.jpg,0.9275718331336975,0.0
2008_001439.jpg,0.7040691375732422,0.0
2008_001478.jpg,0.552681565284729,0.0
2008_001491.jpg,0.28995707631111145,0.0
2008_001504.jpg,0.951320230960846,0.0
2008_001513.jpg,0.19270329177379608,0.0
2008_001514.jpg,0.8239984512329102,0.0
2008_001531.jpg,0.614132821559906,0.0
2008_001546.jpg,0.9572616815567017,0.9961
2008_001547.jpg,0.939584493637085,0.0
2008_001580.jpg,0.44855964183807373,0.0
2008_001629.jpg,0.6327481865882874,0.0
2008_001640.jpg,0.9496594667434692,0.0
2008_001682.jpg,0.9366629123687744,0.0
2008_001688.jpg,0.30328673124313354,0.0
2008_001715.jpg,0.3687562644481659,0.0
2008_001821.jpg,0.5226485133171082,0.0
2008_001874.jpg,0.6175012588500977,0.0
2008_001885.jpg,0.9673054814338684,0.0
2008_001895.jpg,0.34893670678138733,0.0
2008_001966.jpg,0.5048768520355225,0.0
2008_001971.jpg,0.916388750076294,0.0
2008_001992.jpg,0.8067046999931335,0.0
2008_002043.jpg,0.7655371427536011,0.0
2008_002152.jpg,0.9234817624092102,0.9968
2008_002205.jpg,0.9611637592315674,0.0
2008_002212.jpg,0.8993353247642517,0.0
2008_002239.jpg,0.9083422422409058,0.0
2008_002240.jpg,0.49091851711273193,0.0
2008_002241.jpg,0.5545236468315125,0.0
2008_002269.jpg,0.58101487159729,0.0
2008_002273.jpg,0.4549989104270935,0.0
2008_002358.jpg,0.9330891966819763,0.9949
2008_002379.jpg,0.5602413415908813,0.0
2008_002383.jpg,0.9110404849052429,0.0
2008_002429.jpg,0.8589770793914795,0.0
2008_002464.jpg,0.9221983551979065,0.0
2008_002467.jpg,0.8557732701301575,0.0
2008_002492.jpg,0.49887749552726746,0.0
2008_002495.jpg,0.8208433985710144,0.0
2008_002504.jpg,0.856370210647583,0.0
2008_002521.jpg,0.6594159603118896,0.0
2008_002536.jpg,0.5476990342140198,0.0
2008_002588.jpg,0.9659993648529053,0.0
2008_002623.jpg,0.5714157819747925,0.0
2008_002680.jpg,0.9202589392662048,0.0
2008_002681.jpg,0.9647213220596313,0.0
2008_002775.jpg,0.6348361372947693,0.0
2008_002778.jpg,0.9345321655273438,0.0
2008_002835.jpg,0.8246645927429199,0.0
2008_002859.jpg,0.9011818170547485,0.0
2008_002864.jpg,0.5081666111946106,0.0
2008_002900.jpg,0.5693987607955933,0.9983
2008_002904.jpg,0.9061542749404907,0.0
2008_002929.jpg,0.37219321727752686,1.0014
2008_002936.jpg,0.9589700698852539,0.0
2008_002942.jpg,0.745787501335144,0.0
2008_002958.jpg,0.5546543598175049,0.0
2008_003003.jpg,0.7038156390190125,0.0
2008_003026.jpg,0.42320752143859863,0.0
2008_003034.jpg,0.4485727846622467,0.0
2008_003076.jpg,0.6511676907539368,0.0
2008_003105.jpg,0.8648582696914673,0.0
2008_003108.jpg,0.35493287444114685,0.0
2008_003110.jpg,0.8443732261657715,0.0
2008_003135.jpg,0.7779524922370911,0.0
2008_003141.jpg,0.8046186566352844,0.0
2008_003155.jpg,0.8984533548355103,0.0
2008_003210.jpg,0.9046323299407959,0.0
2008_003238.jpg,0.7600216269493103,0.0
2008_003270.jpg,0.2869701683521271,0.0
2008_003330.jpg,0.9181427955627441,0.0
2008_003333.jpg,0.6128877997398376,0.0
2008_003369.jpg,0.9618073105812073,0.0
2008_003379.jpg,0.7989606857299805,0.0
2008_003451.jpg,0.8387453556060791,0.0
2008_003461.jpg,0.7793617844581604,0.0
2008_003477.jpg,0.5969201326370239,1.0278
2008_003492.jpg,0.9537825584411621,0.0
2008_003499.jpg,0.9744625091552734,0.0
2008_003511.jpg,0.8063064217567444,0.0
2008_003546.jpg,0.41303184628486633,0.0
2008_003576.jpg,0.8117600679397583,0.0
2008_003577.jpg,0.9349551200866699,0.0
2008_003676.jpg,0.7214363217353821,0.0
2008_003709.jpg,0.6192755103111267,0.0
2008_003733.jpg,0.9025182127952576,0.0
2008_003777.jpg,0.805715024471283,0.0
2008_003782.jpg,0.8992384672164917,0.0
2008_003821.jpg,0.31827467679977417,0.0
2008_003846.jpg,0.9430738687515259,0.0
2008_003856.jpg,0.5476004481315613,0.0
2008_003858.jpg,0.9385923743247986,0.0
2008_003874.jpg,0.8503493666648865,0.0
2008_003876.jpg,0.910415768623352,0.0
2008_003885.jpg,0.89597487449646,0.0
2008_003886.jpg,0.45850664377212524,0.0
2008_003926.jpg,0.9164373874664307,0.0
2008_003976.jpg,0.9408318400382996,0.0
2008_004069.jpg,0.904444694519043,0.0
2008_004101.jpg,0.6698441505432129,0.0
2008_004140.jpg,0.6767751574516296,0.0
2008_004172.jpg,0.9008722305297852,0.0
2008_004175.jpg,0.5894424915313721,0.0
2008_004212.jpg,0.9238549470901489,0.0
2008_004279.jpg,0.6271178126335144,0.0
2008_004339.jpg,0.5292071104049683,0.0
2008_004345.jpg,0.9270936250686646,0.0
2008_004363.jpg,0.6592530608177185,0.0
2008_004367.jpg,0.885086715221405,0.0
2008_004396.jpg,0.8778864145278931,0.0
2008_004399.jpg,0.787111759185791,0.0
2008_004453.jpg,0.8955312967300415,0.0
2008_004477.jpg,0.6125674843788147,0.0
2008_004552.jpg,0.950164794921875,0.0
2008_004562.jpg,0.14199718832969666,0.0
2008_004575.jpg,0.6085553765296936,0.0
2008_004610.jpg,0.9702540040016174,0.0
2008_004612.jpg,0.654991090297699,0.0
2008_004621.jpg,0.24496664106845856,0.0
2008_004624.jpg,0.5751717686653137,0.0
2008_004654.jpg,0.7460320591926575,0.0
2008_004659.jpg,0.9748008251190186,0.0
2008_004687.jpg,0.6925837397575378,0.0
2008_004701.jpg,0.26615390181541443,0.0
2008_004704.jpg,0.8648534417152405,0.0
2008_004705.jpg,0.7743123173713684,0.0
2008_004754.jpg,0.8968408703804016,0.0
2008_004758.jpg,0.5126806497573853,0.0
2008_004854.jpg,0.9150469899177551,0.0
2008_004910.jpg,0.9675002098083496,0.0
2008_004995.jpg,0.7008305788040161,0.9947
2008_005049.jpg,0.8064808249473572,0.9949
2008_005089.jpg,0.40652599930763245,0.0
2008_005097.jpg,0.8759276866912842,0.0
2008_005105.jpg,0.9285846948623657,1.0014
2008_005145.jpg,0.9370019435882568,0.0
2008_005197.jpg,0.40125197172164917,0.0
2008_005217.jpg,0.36954715847969055,0.0
2008_005242.jpg,0.8691366314888,0.0
2008_005245.jpg,0.6058412790298462,0.0
2008_005254.jpg,0.8828327059745789,0.0
2008_005262.jpg,0.32326823472976685,0.0
2008_005338.jpg,0.6230027675628662,0.0
2008_005398.jpg,0.8975909352302551,0.0
2008_005399.jpg,0.5513936281204224,0.0
2008_005422.jpg,0.6072433590888977,0.0
2008_005439.jpg,0.9400637149810791,0.0
2008_005445.jpg,0.4563538134098053,0.0
2008_005525.jpg,0.6222458481788635,0.0
2008_005544.jpg,0.40061333775520325,0.0
2008_005628.jpg,0.6723812818527222,0.0
2008_005633.jpg,0.8990283012390137,0.0
2008_005637.jpg,0.9308245182037354,0.0
2008_005642.jpg,0.9178869724273682,0.0
2008_005676.jpg,0.4432578682899475,0.0
2008_005680.jpg,0.38368287682533264,0.0
2008_005691.jpg,0.5991936326026917,0.0
2008_005727.jpg,0.4414891004562378,0.0
2008_005738.jpg,0.6018118858337402,0.0
2008_005812.jpg,0.8112213611602783,0.0
2008_005904.jpg,0.8441217541694641,0.0
2008_005915.jpg,0.8038939833641052,0.0
2008_006008.jpg,0.6345304846763611,0.0
2008_006036.jpg,0.24466943740844727,0.0
2008_006055.jpg,0.9040671586990356,0.0
2008_006063.jpg,0.9297911524772644,0.0
2008_006108.jpg,0.5524771213531494,0.0
2008_006130.jpg,0.8710249066352844,0.0
2008_006143.jpg,0.4167024791240692,0.9985
2008_006159.jpg,0.598182737827301,0.0
2008_006216.jpg,0.8293204307556152,0.0
2008_006219.jpg,0.8591635227203369,0.0
2008_006229.jpg,0.7485246658325195,0.0
2008_006254.jpg,0.5471571683883667,0.0
2008_006275.jpg,0.48786669969558716,0.0
2008_006325.jpg,0.4205157458782196,0.0
2008_006327.jpg,0.821226179599762,0.0
2008_006341.jpg,0.8348659873008728,0.0
2008_006408.jpg,0.881746768951416,0.0
2008_006480.jpg,0.9523400664329529,0.0
2008_006523.jpg,0.7257479429244995,0.0
2008_006526.jpg,0.5553606152534485,0.9975
2008_006528.jpg,0.895362138748169,0.0
2008_006553.jpg,0.9735231399536133,0.0
2008_006554.jpg,0.803436279296875,0.0
2008_006703.jpg,0.853017270565033,0.0
2008_006722.jpg,0.4702540934085846,0.0
2008_006752.jpg,0.962702751159668,0.0
2008_006784.jpg,0.6295886635780334,0.0
2008_006835.jpg,0.9306695461273193,0.9973
2008_006874.jpg,0.8183553218841553,0.0
2008_006981.jpg,0.9308449029922485,0.0
2008_006986.jpg,0.9658569097518921,0.0
2008_007025.jpg,0.9422570466995239,0.0
2008_007031.jpg,0.9596214294433594,0.9956
2008_007048.jpg,0.6185533404350281,0.9995
2008_007120.jpg,0.5516406297683716,0.0
2008_007123.jpg,0.9512777328491211,0.0
2008_007143.jpg,0.5994346141815186,0.0
2008_007194.jpg,0.7397127151489258,0.0
2008_007219.jpg,0.6001372933387756,0.0
2008_007273.jpg,0.602027177810669,0.0
2008_007350.jpg,0.915886640548706,0.0
2008_007378.jpg,0.4052348732948303,0.0
2008_007392.jpg,0.6106082201004028,0.0
2008_007402.jpg,0.7679153084754944,0.0
2008_007497.jpg,0.9115778803825378,0.0
2008_007498.jpg,0.8026833534240723,0.0
2008_007507.jpg,0.819701075553894,0.0
2008_007513.jpg,0.9221226572990417,0.0
2008_007527.jpg,0.9068822860717773,0.0
2008_007548.jpg,0.8846358060836792,0.0
2008_007596.jpg,0.9315046072006226,0.0
2008_007677.jpg,0.8471584916114807,0.0
2008_007737.jpg,0.42117786407470703,0.0
2008_007797.jpg,0.9685826897621155,0.0
2008_007804.jpg,0.7715883255004883,0.0
2008_007811.jpg,0.9606062173843384,0.0
2008_007814.jpg,0.9333696365356445,0.0
2008_007828.jpg,0.5556011199951172,0.0
2008_007836.jpg,0.8077096939086914,0.0
2008_007945.jpg,0.8893454074859619,0.0
2008_007994.jpg,0.862112283706665,0.0
2008_008051.jpg,0.4249117374420166,0.0
2008_008103.jpg,0.4794483780860901,0.0
2008_008127.jpg,0.7215334177017212,0.0
2008_008221.jpg,0.8187420964241028,0.0
2008_008252.jpg,0.9671533703804016,0.0
2008_008268.jpg,0.4387502670288086,0.0
2008_008296.jpg,0.24894914031028748,0.0
2008_008301.jpg,0.6478897929191589,0.0
2008_008335.jpg,0.6363755464553833,0.0
2008_008362.jpg,0.5090304613113403,0.0
2008_008392.jpg,0.9330528974533081,0.0
2008_008393.jpg,0.9618690609931946,0.0
2008_008421.jpg,0.8845566511154175,0.0
2008_008434.jpg,0.8874567747116089,0.0
2008_008469.jpg,0.8926052451133728,0.0
2008_008629.jpg,0.4321301281452179,0.0
2008_008682.jpg,0.9412118196487427,0.0
2008_008711.jpg,0.33314248919487,0.0
2008_008746.jpg,0.943713903427124,0.0
2009_000012.jpg,0.4616048336029053,0.0
2009_000013.jpg,0.8745483160018921,0.0
2009_000022.jpg,0.8251557350158691,0.0
2009_000032.jpg,0.17195172607898712,0.0
2009_000037.jpg,0.8659085035324097,0.0
2009_000039.jpg,0.9743370413780212,0.0
2009_000074.jpg,0.7834858894348145,0.0
2009_000080.jpg,0.8979909420013428,0.0
2009_000087.jpg,0.9551169872283936,0.0
2009_000096.jpg,0.3293732702732086,0.0
2009_000121.jpg,0.5874544978141785,0.0
2009_000136.jpg,0.6265320777893066,1.0002
2009_000149.jpg,0.4387325346469879,0.0
2009_000156.jpg,0.8784124851226807,0.0
2009_000201.jpg,0.9076923727989197,0.0
2009_000205.jpg,0.7240816950798035,0.9999
2009_000219.jpg,0.46244797110557556,0.0
2009_000242.jpg,0.48597413301467896,0.0
2009_000309.jpg,0.5201032161712646,0.0
2009_000318.jpg,0.9362310171127319,0.0
2009_000335.jpg,0.945774495601654,0.0
2009_000351.jpg,0.5828908681869507,0.0
2009_000354.jpg,0.43165871500968933,0.0
2009_000387.jpg,0.9247744083404541,0.0
2009_000391.jpg,0.5659182071685791,0.0
2009_000412.jpg,0.8348851203918457,0.0
2009_000418.jpg,0.3368794322013855,0.0
2009_000421.jpg,0.5302553176879883,0.0
2009_000426.jpg,0.968853235244751,0.0
2009_000440.jpg,0.8919163942337036,0.0
2009_000446.jpg,0.8382219672203064,0.0
2009_000455.jpg,0.635966420173645,0.0
2009_000457.jpg,0.589378833770752,0.0
2009_000469.jpg,0.7290018796920776,0.0
2009_000487.jpg,0.8882275819778442,0.0
2009_000488.jpg,0.5055461525917053,0.0
2009_000523.jpg,0.6204375624656677,0.0
2009_000573.jpg,0.40489116311073303,0.0
2009_000619.jpg,0.8568665981292725,0.0
2009_000628.jpg,0.941726803779602,0.0
2009_000641.jpg,0.6055235862731934,0.0
2009_000664.jpg,0.8492945432662964,0.0
2009_000675.jpg,0.9054344892501831,0.0
2009_000704.jpg,0.7909345030784607,0.0
2009_000705.jpg,0.7620247602462769,0.0
2009_000712.jpg,0.9711647033691406,0.0
2009_000716.jpg,0.5685027837753296,0.0
2009_000723.jpg,0.6998538970947266,0.0
2009_000727.jpg,0.48606371879577637,0.0
2009_000730.jpg,0.590631365776062,0.0
2009_000731.jpg,0.6142429113388062,0.0
2009_000732.jpg,0.6046651005744934,0.0
2009_000771.jpg,0.9343516826629639,0.0
2009_000825.jpg,0.7359545826911926,0.0
2009_000828.jpg,0.9160163402557373,0.0
2009_000839.jpg,0.8559713363647461,0.0
2009_000840.jpg,0.9085577130317688,0.0
2009_000845.jpg,0.577663242816925,0.0
2009_000879.jpg,0.9239875078201294,0.0
2009_000892.jpg,0.9217807054519653,0.0
2009_000919.jpg,0.8117166757583618,0.0
2009_000924.jpg,0.6102395057678223,0.0
2009_000931.jpg,0.8972992897033691,0.0
2009_000935.jpg,0.921144962310791,0.0
2009_000964.jpg,0.24770930409431458,0.0
2009_000989.jpg,0.8486465215682983,0.0
2009_000991.jpg,0.8504292964935303,0.0
2009_000998.jpg,0.5389906764030457,0.0
2009_001008.jpg,0.4148307740688324,0.9975
2009_001082.jpg,0.9475201368331909,0.0
2009_001108.jpg,0.8076339960098267,0.0
2009_001160.jpg,0.8666023015975952,0.0
2009_001215.jpg,0.11191283911466599,0.0
2009_001240.jpg,0.8652721643447876,0.0
2009_001255.jpg,0.41260042786598206,1.0064
2009_001278.jpg,0.6030619740486145,0.0
2009_001299.jpg,0.3773278594017029,0.0
2009_001300.jpg,0.8886876106262207,0.0
2009_001314.jpg,0.8743923902511597,0.0
2009_001332.jpg,0.9214802980422974,0.0
2009_001333.jpg,0.9525346755981445,0.0
2009_001363.jpg,0.8130033016204834,0.0
2009_001391.jpg,0.8666610717773438,0.0
2009_001411.jpg,0.9518166780471802,0.0
2009_001433.jpg,0.7517170906066895,0.0
2009_001505.jpg,0.753350019454956,0.0
2009_001535.jpg,0.6484938263893127,0.0
2009_001536.jpg,0.1595950871706009,0.0
2009_001565.jpg,0.9601911902427673,0.0
2009_001607.jpg,0.5109281539916992,0.0
2009_001644.jpg,0.8115006685256958,0.0
2009_001663.jpg,0.485252320766449,0.0
2009_001683.jpg,0.883683443069458,0.0
2009_001684.jpg,0.319183349609375,0.9937
2009_001687.jpg,0.5000259280204773,0.0
2009_001718.jpg,0.584953784942627,0.0
2009_001731.jpg,0.6378820538520813,0.0
2009_001765.jpg,0.928702712059021,0.0
2009_001768.jpg,0.8576352000236511,0.0
2009_001775.jpg,0.23854954540729523,0.0
2009_001804.jpg,0.6443148851394653,0.9952
2009_001816.jpg,0.9368796944618225,0.0
2009_001818.jpg,0.884289026260376,0.0
2009_001850.jpg,0.8947653770446777,0.0
2009_001851.jpg,0.9306878447532654,0.0
2009_001854.jpg,0.8424151539802551,0.0
2009_001941.jpg,0.8612873554229736,0.0
2009_001991.jpg,0.8842124938964844,0.0
2009_002012.jpg,0.9262561202049255,0.0
2009_002035.jpg,0.9017726182937622,0.0
2009_002042.jpg,0.899772047996521,0.0
2009_002082.jpg,0.8660403490066528,0.0
2009_002094.jpg,0.5595531463623047,0.0
2009_002097.jpg,0.834494411945343,0.0
2009_002122.jpg,0.9253847002983093,0.0
2009_002150.jpg,0.76021409034729,0.0
2009_002155.jpg,0.9059766530990601,0.0
2009_002164.jpg,0.9348230361938477,0.0
2009_002165.jpg,0.9162757396697998,0.0
2009_002171.jpg,0.6088611483573914,0.0
2009_002185.jpg,0.5152257084846497,0.0
2009_002202.jpg,0.9516520500183105,0.0
2009_002221.jpg,0.85841965675354,0.0
2009_002238.jpg,0.5573220252990723,0.0
2009_002239.jpg,0.5581541657447815,0.0
2009_002265.jpg,0.9250444173812866,0.0
2009_002268.jpg,0.9563986659049988,0.0
2009_002291.jpg,0.9587403535842896,0.0
2009_002295.jpg,0.33447301387786865,0.0
2009_002317.jpg,0.812971293926239,0.0
2009_002320.jpg,0.843559741973877,0.0
2009_002346.jpg,0.3155766427516937,0.0
2009_002366.jpg,0.5471606254577637,0.0
2009_002372.jpg,0.5822271704673767,0.9952
2009_002382.jpg,0.7736946940422058,0.9995
2009_002390.jpg,0.23551683127880096,0.0
2009_002415.jpg,0.2362976223230362,0.0
2009_002445.jpg,0.9252328276634216,0.9971
2009_002487.jpg,0.5824230909347534,0.0
2009_002521.jpg,0.9419192671775818,0.0
2009_002527.jpg,0.7429630756378174,0.0
2009_002535.jpg,0.9649897813796997,0.0
2009_002539.jpg,0.6028726100921631,0.0
2009_002549.jpg,0.5867707133293152,0.0
2009_002562.jpg,0.8745180368423462,0.0
2009_002568.jpg,0.9581897258758545,0.0
2009_002571.jpg,0.2529337406158447,0.0
2009_002573.jpg,0.4553324580192566,0.0
2009_002584.jpg,0.46953651309013367,0.0
2009_002591.jpg,0.3285430371761322,0.0
2009_002594.jpg,0.7756587862968445,0.0
2009_002604.jpg,0.8700839281082153,0.0
2009_002618.jpg,0.478153258562088,0.0
2009_002635.jpg,0.8651857376098633,0.0
2009_002638.jpg,0.6321679353713989,0.0
2009_002649.jpg,0.711188554763794,0.0
2009_002651.jpg,0.7857344746589661,0.0
2009_002727.jpg,0.5037630796432495,0.0
2009_002732.jpg,0.3563539385795593,0.0
2009_002749.jpg,0.9401825666427612,0.0
2009_002753.jpg,0.8987332582473755,0.0
2009_002771.jpg,0.33492234349250793,0.0
2009_002808.jpg,0.9161043167114258,0.0
2009_002856.jpg,0.4670006036758423,0.0
2009_002887.jpg,0.3440493941307068,0.0
2009_002888.jpg,0.7919676303863525,0.0
2009_002928.jpg,0.32651883363723755,0.0
2009_002936.jpg,0.38396695256233215,0.0
2009_002975.jpg,0.7705379724502563,0.0
2009_002982.jpg,0.9545726776123047,0.0
2009_002990.jpg,0.6388518810272217,0.0
2009_003003.jpg,0.5352500677108765,0.0
2009_003005.jpg,0.8580293655395508,0.0
2009_003043.jpg,0.5100536346435547,0.0
2009_003059.jpg,0.84443598985672,0.0
2009_003063.jpg,0.6072455048561096,0.0
2009_003065.jpg,0.6516110897064209,0.0
2009_003071.jpg,0.7095563411712646,0.0
2009_003080.jpg,0.8690096139907837,0.0
2009_003105.jpg,0.9631555676460266,0.0
2009_003123.jpg,0.5273364782333374,0.0
2009_003193.jpg,0.4809172749519348,0.0
2009_003196.jpg,0.6182050108909607,0.0
2009_003217.jpg,0.9221811294555664,0.9971
2009_003224.jpg,0.589346706867218,0.0
2009_003241.jpg,0.8601224422454834,0.0
2009_003269.jpg,0.4336916506290436,0.0
2009_003273.jpg,0.8771804571151733,0.0
2009_003299.jpg,0.7873008847236633,0.9916
2009_003304.jpg,0.9654971361160278,0.0
2009_003311.jpg,0.9419611692428589,0.0
2009_003323.jpg,0.8452167510986328,0.0
2009_003343.jpg,0.27795422077178955,0.0
2009_003378.jpg,0.8740127086639404,0.0
2009_003387.jpg,0.5562655925750732,0.0
2009_003406.jpg,0.9750024080276489,0.0
2009_003433.jpg,0.867690920829773,0.0
2009_003450.jpg,0.8882540464401245,0.0
2009_003466.jpg,0.4008619487285614,0.0
2009_003481.jpg,0.8748677968978882,0.0
2009_003494.jpg,0.6694149374961853,0.0
2009_003498.jpg,0.8779191970825195,0.0
2009_003504.jpg,0.8270975351333618,0.0
2009_003507.jpg,0.501563549041748,0.0
2009_003517.jpg,0.9386324286460876,0.0
2009_003523.jpg,0.4842429757118225,0.0
2009_003542.jpg,0.9472899436950684,0.0
2009_003549.jpg,0.8957048058509827,0.0
2009_003551.jpg,0.3507351577281952,0.0
2009_003564.jpg,0.22232910990715027,0.0
2009_003569.jpg,0.8543020486831665,0.9954
2009_003576.jpg,0.5483955144882202,0.0
2009_003589.jpg,0.9582889080047607,0.0
2009_003607.jpg,0.5667665600776672,0.0
2009_003640.jpg,0.9591642618179321,0.0
2009_003666.jpg,0.908450722694397,0.0
2009_003696.jpg,0.8830311298370361,0.9999
2009_003703.jpg,0.958183765411377,0.0
2009_003707.jpg,0.7121443748474121,0.0
2009_003756.jpg,0.617417573928833,0.0
2009_003771.jpg,0.9676954746246338,0.0
2009_003773.jpg,0.8614914417266846,0.0
2009_003804.jpg,0.9381591081619263,0.0
2009_003806.jpg,0.9033890962600708,0.0
2009_003810.jpg,0.9347031116485596,0.0
2009_003849.jpg,0.7481584548950195,0.0
2009_003857.jpg,0.6120944023132324,0.0
2009_003858.jpg,0.31073546409606934,0.0
2009_003895.jpg,0.34707915782928467,0.0
2009_003903.jpg,0.81975257396698,0.0
2009_003904.jpg,0.964296817779541,0.0
2009_003928.jpg,0.9170800447463989,0.0
2009_003938.jpg,0.9116817712783813,0.9973
2009_003971.jpg,0.4152194559574127,0.0
2009_003991.jpg,0.361326664686203,0.0
2009_004021.jpg,0.9091664552688599,0.0
2009_004033.jpg,0.8812211751937866,0.0
2009_004043.jpg,0.7855644226074219,0.0
2009_004070.jpg,0.33278897404670715,0.0
2009_004072.jpg,0.63336181640625,0.0
2009_004084.jpg,0.8817076683044434,0.0
2009_004099.jpg,0.31183966994285583,0.9942
2009_004125.jpg,0.44049787521362305,0.0
2009_004140.jpg,0.46004733443260193,0.0
2009_004217.jpg,0.32498636841773987,0.0
2009_004221.jpg,0.4410722255706787,0.0
2009_004247.jpg,0.32086965441703796,0.0
2009_004248.jpg,0.9545447826385498,0.0
2009_004255.jpg,0.8544321656227112,0.0
2009_004298.jpg,0.9628252983093262,0.0
2009_004324.jpg,0.41402187943458557,0.0
2009_004455.jpg,0.5390855073928833,0.0
2009_004494.jpg,0.5237602591514587,0.0
2009_004497.jpg,0.9227147102355957,0.0
2009_004504.jpg,0.9000834226608276,0.0
2009_004507.jpg,0.8818157315254211,0.0
2009_004509.jpg,0.27720966935157776,0.0
2009_004540.jpg,0.9053383469581604,0.0
2009_004568.jpg,0.8203341364860535,0.0
2009_004579.jpg,0.737916111946106,0.0
2009_004581.jpg,0.6902100443840027,0.0
2009_004590.jpg,0.8609941005706787,0.0
2009_004592.jpg,0.9218693971633911,0.0
2009_004594.jpg,0.9764825105667114,0.0
2009_004635.jpg,0.8101739287376404,0.0
2009_004653.jpg,0.8762558698654175,0.0
2009_004687.jpg,0.6725066304206848,0.0
2009_004721.jpg,0.3818049430847168,0.0
2009_004730.jpg,0.8128892779350281,0.0
2009_004732.jpg,0.9596824645996094,0.0
2009_004738.jpg,0.7947786450386047,0.0
2009_004748.jpg,0.9689098596572876,0.0
2009_004789.jpg,0.5727030634880066,0.0
2009_004799.jpg,0.7949843406677246,0.0
2009_004801.jpg,0.6372024416923523,0.0
2009_004848.jpg,0.6045199036598206,0.0
2009_004859.jpg,0.2490648329257965,0.0
2009_004867.jpg,0.651946485042572,0.0
2009_004882.jpg,0.41722235083580017,0.0
2009_004886.jpg,0.8448889255523682,0.0
2009_004895.jpg,0.8422845602035522,0.0
2009_004942.jpg,0.9108613729476929,0.0
2009_004969.jpg,0.4206698536872864,0.0
2009_004987.jpg,0.8109250068664551,0.0
2009_004993.jpg,0.5865224599838257,0.0
2009_004994.jpg,0.8942460417747498,0.0
2009_005038.jpg,0.4376823306083679,0.0
2009_005078.jpg,0.7650527954101562,0.0
2009_005087.jpg,0.365603506565094,0.0
2009_005089.jpg,0.5171703696250916,0.0
2009_005137.jpg,0.9341754913330078,0.0
2009_005148.jpg,0.4850859045982361,0.0
2009_005156.jpg,0.4872884154319763,0.0
2009_005158.jpg,0.958416223526001,0.0
2009_005189.jpg,0.831816554069519,0.0
2009_005190.jpg,0.8779929876327515,0.0
2009_005217.jpg,0.7638619542121887,0.0
2009_005219.jpg,0.6830089092254639,0.0
2009_005220.jpg,0.9424988031387329,0.0
2009_005231.jpg,0.821238100528717,0.0
2009_005260.jpg,0.9211207628250122,0.0
2009_005262.jpg,0.3071528971195221,0.0
2009_005302.jpg,0.5663154125213623,0.0
2010_000003.jpg,0.7611863017082214,1.0047
2010_000038.jpg,0.8882966637611389,0.0
2010_000065.jpg,0.47754666209220886,0.0
2010_000083.jpg,0.47051793336868286,0.0
2010_000084.jpg,0.44747403264045715,0.0
2010_000087.jpg,0.5427110195159912,0.0
2010_000110.jpg,0.5192098021507263,0.0
2010_000159.jpg,0.7876809239387512,0.0
2010_000160.jpg,0.7517832517623901,0.0
2010_000163.jpg,0.9384814500808716,0.0
2010_000174.jpg,0.5383486747741699,0.0
2010_000216.jpg,0.9165675044059753,0.0
2010_000238.jpg,0.8161265254020691,0.0
2010_000241.jpg,0.9174056053161621,0.0
2010_000256.jpg,0.5403748750686646,0.0
2010_000272.jpg,0.903661847114563,0.0
2010_000284.jpg,0.4612826704978943,0.0
2010_000309.jpg,0.7800235748291016,0.0
2010_000318.jpg,0.6083036065101624,0.0
2010_000330.jpg,0.8052467107772827,0.0
2010_000335.jpg,0.8566713333129883,0.0
2010_000342.jpg,0.4902055263519287,0.0
2010_000372.jpg,0.9515089392662048,0.0
2010_000422.jpg,0.5858192443847656,0.0
2010_000426.jpg,0.9126318693161011,0.0
2010_000427.jpg,0.8810303211212158,0.0
2010_000502.jpg,0.5066137909889221,0.0
2010_000530.jpg,0.9363868832588196,0.0
2010_000552.jpg,0.906551718711853,0.0
2010_000559.jpg,0.4279017150402069,0.0
2010_000572.jpg,0.8919147253036499,0.0
2010_000573.jpg,0.5268860459327698,0.0
2010_000622.jpg,0.522590160369873,0.0
2010_000628.jpg,0.9615191221237183,0.0
2010_000639.jpg,0.36180204153060913,0.0
2010_000666.jpg,0.8101622462272644,0.0
2010_000679.jpg,0.5676888823509216,0.0
2010_000682.jpg,0.4890570640563965,0.0
2010_000683.jpg,0.9030269384384155,0.0
2010_000724.jpg,0.5659330487251282,0.0
2010_000738.jpg,0.4803953170776367,0.0
2010_000764.jpg,0.9166667461395264,0.0
2010_000788.jpg,0.41561898589134216,0.0
2010_000814.jpg,0.9429540634155273,0.9985
2010_000836.jpg,0.7973774671554565,0.0
2010_000874.jpg,0.8782298564910889,0.0
2010_000904.jpg,0.6168140769004822,0.0
2010_000906.jpg,0.788967490196228,0.0
2010_000907.jpg,0.9557369947433472,0.0
2010_000918.jpg,0.8396530151367188,0.0
2010_000929.jpg,0.4355814456939697,0.0
2010_000941.jpg,0.6315810084342957,0.0
2010_000952.jpg,0.9503492116928101,0.0
2010_000961.jpg,0.9206666946411133,0.0
2010_001000.jpg,0.6219680309295654,0.0
2010_001010.jpg,0.9237279891967773,0.0
2010_001011.jpg,0.34860819578170776,0.0
2010_001016.jpg,0.8727623224258423,0.0
2010_001017.jpg,0.8411341309547424,0.0
2010_001024.jpg,0.6063778400421143,0.0
2010_001036.jpg,0.5825058221817017,0.0
2010_001061.jpg,0.9250447750091553,0.0
2010_001069.jpg,0.8902472257614136,0.0
2010_001070.jpg,0.8997747898101807,0.0
2010_001079.jpg,0.8910379409790039,0.0
2010_001104.jpg,0.9109212160110474,0.0
2010_001124.jpg,0.917939305305481,0.0
2010_001149.jpg,0.4716639220714569,0.0
2010_001151.jpg,0.6995399594306946,0.9935
2010_001174.jpg,0.9406715631484985,0.0
2010_001206.jpg,0.5683170557022095,0.0
2010_001246.jpg,0.617175281047821,0.0
2010_001251.jpg,0.9094204902648926,0.0
2010_001256.jpg,0.9130792617797852,0.0
2010_001264.jpg,0.9556647539138794,0.9978
2010_001292.jpg,0.9426102638244629,0.0
2010_001313.jpg,0.6655516028404236,0.9975
2010_001327.jpg,0.6381327509880066,0.0
2010_001331.jpg,0.9512450695037842,0.0
2010_001351.jpg,0.38726961612701416,0.0
2010_001367.jpg,0.41883164644241333,0.0
2010_001376.jpg,0.8956508636474609,0.0
2010_001403.jpg,0.9064884185791016,0.0
2010_001448.jpg,0.8665985465049744,0.0
2010_001451.jpg,0.31755170226097107,0.0
2010_001522.jpg,0.8261481523513794,0.0
2010_001534.jpg,0.8156722784042358,0.0
2010_001553.jpg,0.3276354670524597,0.0
2010_001557.jpg,0.9193084239959717,0.9975
2010_001563.jpg,0.8124303221702576,0.0
2010_001577.jpg,0.9348220825195312,0.0
2010_001579.jpg,0.6458803415298462,0.0
2010_001646.jpg,0.9392135143280029,0.0
2010_001656.jpg,0.5858904719352722,0.0
2010_001692.jpg,0.8549655079841614,0.0
2010_001699.jpg,0.38512158393859863,0.0
2010_001734.jpg,0.650535523891449,0.9975
2010_001752.jpg,0.7429457306861877,0.0
2010_001767.jpg,0.7503898739814758,0.0
2010_001768.jpg,0.6956252455711365,0.0
2010_001773.jpg,0.3494053781032562,0.0
2010_001820.jpg,0.7794803977012634,0.0
2010_001830.jpg,0.37616249918937683,0.0
2010_001851.jpg,0.4220162332057953,0.0
2010_001908.jpg,0.7859365344047546,0.0
2010_001913.jpg,0.6154677867889404,0.0
2010_001951.jpg,0.7738742828369141,0.0
2010_001956.jpg,0.9216361045837402,0.0
2010_001962.jpg,0.4365096986293793,0.0
2010_001966.jpg,0.6279987692832947,0.0
2010_001995.jpg,0.9804811477661133,0.0
2010_002017.jpg,0.30992957949638367,0.0
2010_002025.jpg,0.9408111572265625,0.0
2010_002030.jpg,0.466091513633728,0.0
2010_002106.jpg,0.5815882086753845,0.0
2010_002137.jpg,0.5008901357650757,0.0
2010_002142.jpg,0.5543803572654724,0.0
2010_002146.jpg,0.614031195640564,0.0
2010_002147.jpg,0.8987263441085815,0.0
2010_002150.jpg,0.8223538398742676,0.0
2010_002161.jpg,0.7312514781951904,0.0
2010_002200.jpg,0.4583754539489746,0.0
2010_002228.jpg,0.939103364944458,0.0
2010_002232.jpg,0.902219295501709,0.0
2010_002251.jpg,0.7734413743019104,0.0
2010_002271.jpg,0.9311036467552185,0.0
2010_002305.jpg,0.2936204969882965,0.0
2010_002310.jpg,0.8995263576507568,0.0
2010_002336.jpg,0.27929744124412537,0.0
2010_002348.jpg,0.7788311839103699,0.0
2010_002361.jpg,0.9132120013237,0.0
2010_002390.jpg,0.8948280811309814,0.9975
2010_002396.jpg,0.452098548412323,0.0
2010_002422.jpg,0.8683295249938965,0.0
2010_002450.jpg,0.5764819979667664,0.0
2010_002480.jpg,0.9774329662322998,0.9959
2010_002512.jpg,0.637511670589447,0.0
2010_002531.jpg,0.2342987060546875,0.0
2010_002536.jpg,0.3007442355155945,0.0
2010_002538.jpg,0.7658864259719849,0.0
2010_002546.jpg,0.498384565114975,0.0
2010_002623.jpg,0.38206005096435547,0.0
2010_002682.jpg,0.553905189037323,0.0
2010_002691.jpg,0.9565767049789429,0.0
2010_002693.jpg,0.4973243176937103,0.0
2010_002701.jpg,0.423767626285553,0.0
2010_002763.jpg,0.3801190257072449,0.0
2010_002792.jpg,0.44865792989730835,0.0
2010_002868.jpg,0.9628698825836182,0.0
2010_002900.jpg,0.9565961360931396,0.9942
2010_002902.jpg,0.8989474773406982,0.0
2010_002921.jpg,0.8037331700325012,0.0
2010_002929.jpg,0.8201108574867249,0.0
2010_002939.jpg,0.1411854475736618,0.0
2010_002988.jpg,0.9430303573608398,0.0
2010_003014.jpg,0.39502984285354614,0.0
2010_003060.jpg,0.6926195025444031,0.0
2010_003123.jpg,0.2440808266401291,0.9999
2010_003127.jpg,0.810819149017334,0.0
2010_003132.jpg,0.5232669115066528,0.0
2010_003168.jpg,0.9285034537315369,0.0
2010_003183.jpg,0.767162024974823,0.0
2010_003187.jpg,0.8357363939285278,0.0
2010_003207.jpg,0.9172994494438171,0.0
2010_003231.jpg,0.9302175045013428,0.0
2010_003239.jpg,0.7510061264038086,0.0
2010_003275.jpg,0.8722542524337769,0.0
2010_003276.jpg,0.9734435677528381,0.998
2010_003293.jpg,0.4336305260658264,0.0
2010_003302.jpg,0.8084583282470703,0.0
2010_003325.jpg,0.6058077216148376,0.0
2010_003362.jpg,0.8442342281341553,0.0
2010_003365.jpg,0.9208535552024841,0.0
2010_003381.jpg,0.6734067797660828,0.0
2010_003402.jpg,0.8708490133285522,0.0
2010_003409.jpg,0.5505806803703308,0.0
2010_003418.jpg,0.9415370225906372,0.0
2010_003446.jpg,0.47831541299819946,0.0
2010_003453.jpg,0.9399899840354919,0.0
2010_003468.jpg,0.8857953548431396,0.0
2010_003473.jpg,0.5928494930267334,0.0
2010_003495.jpg,0.9161583185195923,0.0
2010_003506.jpg,0.8570098876953125,0.0
2010_003514.jpg,0.9562985897064209,0.0
2010_003531.jpg,0.7341046333312988,0.0
2010_003532.jpg,0.5798916816711426,0.0
2010_003541.jpg,0.9219182729721069,0.0
2010_003547.jpg,0.8560340404510498,0.0
2010_003597.jpg,0.4019004702568054,0.0
2010_003675.jpg,0.7230665683746338,0.0
2010_003708.jpg,0.5585125684738159,0.0
2010_003716.jpg,0.9367995262145996,0.0
2010_003746.jpg,0.7952178716659546,0.0
2010_003758.jpg,0.641733705997467,0.0
2010_003764.jpg,0.9046556353569031,0.0
2010_003768.jpg,0.26588571071624756,0.0
2010_003771.jpg,0.8927991986274719,0.0
2010_003772.jpg,0.9535856246948242,0.0
2010_003781.jpg,0.5260025262832642,0.0
2010_003813.jpg,0.9696660041809082,0.0
2010_003820.jpg,0.3914541006088257,1.0002
2010_003854.jpg,0.9033088088035583,0.0
2010_003912.jpg,0.4135395586490631,0.0
2010_003915.jpg,0.8446232080459595,0.0
2010_003947.jpg,0.6878771185874939,0.9944
2010_003956.jpg,0.9306098222732544,0.0
2010_003971.jpg,0.5055040717124939,0.0
2010_004041.jpg,0.5924422144889832,0.0
2010_004042.jpg,0.566587507724762,0.0
2010_004056.jpg,0.30668067932128906,0.0
2010_004063.jpg,0.733765184879303,0.0
2010_004104.jpg,0.9772423505783081,0.0
2010_004120.jpg,0.9572756290435791,0.0
2010_004149.jpg,0.5244039297103882,0.0
2010_004165.jpg,0.7472535967826843,0.0
2010_004208.jpg,0.5606294274330139,0.0
2010_004219.jpg,0.5886393189430237,0.0
2010_004226.jpg,0.9119011759757996,0.0
2010_004314.jpg,0.627902090549469,0.0
2010_004320.jpg,0.5587627291679382,0.0
2010_004322.jpg,0.8259824514389038,0.0
2010_004337.jpg,0.42537933588027954,0.0
2010_004348.jpg,0.595243513584137,0.0
2010_004355.jpg,0.9475061297416687,0.0
2010_004369.jpg,0.8725467920303345,0.0
2010_004382.jpg,0.6182141304016113,0.0
2010_004419.jpg,0.9291681051254272,0.0
2010_004432.jpg,0.8046928644180298,0.0
2010_004472.jpg,0.40553322434425354,0.0
2010_004479.jpg,0.6823648810386658,0.0
2010_004519.jpg,0.9694739580154419,0.0
2010_004520.jpg,0.2568952143192291,0.0
2010_004529.jpg,0.9469082355499268,0.0
2010_004543.jpg,0.31773510575294495,0.0
2010_004550.jpg,0.538588285446167,0.0
2010_004551.jpg,0.9675406217575073,0.0
2010_004556.jpg,0.8826168775558472,0.0
2010_004559.jpg,0.8268278241157532,0.0
2010_004628.jpg,0.8999269008636475,0.0
2010_004635.jpg,0.9254875183105469,0.0
2010_004662.jpg,0.7425374984741211,0.0
2010_004697.jpg,0.45650285482406616,0.9973
2010_004757.jpg,0.3495103418827057,0.0
2010_004763.jpg,0.31214842200279236,0.0
2010_004772.jpg,0.4125511050224304,0.9964
2010_004783.jpg,0.42443183064460754,0.0
2010_004789.jpg,0.9086772799491882,0.0
2010_004795.jpg,0.9037710428237915,0.0
2010_004815.jpg,0.8880020976066589,0.0
2010_004825.jpg,0.5225018858909607,0.0
2010_004828.jpg,0.8173179030418396,0.0
2010_004856.jpg,0.8318647146224976,0.0
2010_004857.jpg,0.4841386377811432,0.0
2010_004861.jpg,0.9477581977844238,0.0
2010_004941.jpg,0.8969570398330688,0.0
2010_004946.jpg,0.9298117160797119,0.0
2010_004951.jpg,0.14569248259067535,0.0
2010_004980.jpg,0.9498373866081238,0.0
2010_004994.jpg,0.8065729141235352,0.0
2010_005013.jpg,0.456570029258728,0.0
2010_005021.jpg,0.6189420819282532,0.0
2010_005046.jpg,0.5232852101325989,0.0
2010_005063.jpg,0.6234648823738098,0.0
2010_005108.jpg,0.8391298651695251,0.0
2010_005118.jpg,0.8809385299682617,0.0
2010_005159.jpg,0.8939769268035889,0.0
2010_005160.jpg,0.3159847855567932,0.0
2010_005166.jpg,0.2270764410495758,0.0
2010_005174.jpg,0.7922380566596985,0.0
2010_005180.jpg,0.4924924373626709,0.0
2010_005187.jpg,0.7398223876953125,0.0
2010_005206.jpg,0.9528848528862,0.0
2010_005245.jpg,0.775543212890625,0.0
2010_005252.jpg,0.4282422661781311,0.0
2010_005284.jpg,0.7725907564163208,0.0
2010_005305.jpg,0.552642822265625,0.0
2010_005344.jpg,0.9121080636978149,0.0
2010_005353.jpg,0.8625249266624451,0.0
2010_005366.jpg,0.7963581085205078,0.0
2010_005401.jpg,0.1769009530544281,0.0
2010_005421.jpg,0.5998541116714478,0.0
2010_005428.jpg,0.3594295382499695,0.0
2010_005432.jpg,0.9659297466278076,0.0
2010_005433.jpg,0.5132706761360168,0.0
2010_005496.jpg,0.9038293361663818,0.0
2010_005501.jpg,0.8858938813209534,0.0
2010_005508.jpg,0.6822595596313477,0.0
2010_005531.jpg,0.840638279914856,0.0
2010_005534.jpg,0.9058791399002075,0.0
2010_005575.jpg,0.47615694999694824,0.0
2010_005582.jpg,0.6200175881385803,0.0
2010_005606.jpg,0.6046957969665527,0.0
2010_005626.jpg,0.24706965684890747,0.0
2010_005644.jpg,0.7906378507614136,0.0
2010_005664.jpg,0.3129786550998688,0.0
2010_005705.jpg,0.7274491190910339,0.0
2010_005706.jpg,0.9187382459640503,0.0
2010_005709.jpg,0.35357794165611267,0.0
2010_005718.jpg,0.6267673969268799,0.0
2010_005719.jpg,0.9595614075660706,0.0
2010_005727.jpg,0.878792405128479,0.0
2010_005762.jpg,0.3705569803714752,0.0
2010_005788.jpg,0.9160187244415283,0.0
2010_005860.jpg,0.5497493147850037,0.0
2010_005871.jpg,0.7485198378562927,0.0
2010_005877.jpg,0.8870619535446167,0.0
2010_005888.jpg,0.8560768961906433,0.0
2010_005899.jpg,0.9607509970664978,0.0
2010_005922.jpg,0.5093974471092224,0.0
2010_005991.jpg,0.6247935891151428,0.0
2010_005992.jpg,0.9195255041122437,0.0
2010_006026.jpg,0.6585185527801514,0.0
2010_006034.jpg,0.8990957736968994,0.0
2010_006054.jpg,0.8400395512580872,0.0
2010_006070.jpg,0.4822593927383423,0.0
2011_000045.jpg,0.9228114485740662,0.0
2011_000051.jpg,0.5238019824028015,0.0
2011_000054.jpg,0.5060905814170837,0.0
2011_000066.jpg,0.8626586198806763,0.0
2011_000070.jpg,0.23509901762008667,0.0
2011_000112.jpg,0.5504676699638367,0.0
2011_000173.jpg,0.9630756974220276,0.0
2011_000178.jpg,0.4379118084907532,0.0
2011_000185.jpg,0.9738008975982666,0.0
2011_000226.jpg,0.7372691035270691,0.0
2011_000234.jpg,0.593055248260498,0.0
2011_000238.jpg,0.1841200441122055,0.0
2011_000239.jpg,0.8393777012825012,0.0
2011_000248.jpg,0.5526142716407776,0.0
2011_000283.jpg,0.7114832401275635,0.0
2011_000291.jpg,0.3171362280845642,0.0
2011_000310.jpg,0.49856892228126526,0.0
2011_000312.jpg,0.9584047794342041,0.0
2011_000338.jpg,0.47712191939353943,0.0
2011_000396.jpg,0.5259102582931519,0.0
2011_000412.jpg,0.4053134024143219,0.0
2011_000419.jpg,0.6727864146232605,0.0
2011_000435.jpg,0.6869116425514221,0.0
2011_000436.jpg,0.8560110330581665,0.9971
2011_000438.jpg,0.620656430721283,0.0
2011_000455.jpg,0.823523759841919,0.0
2011_000456.jpg,0.8361183404922485,0.0
2011_000479.jpg,0.5335921049118042,0.0
2011_000481.jpg,0.7224941253662109,0.0
2011_000482.jpg,0.9088529348373413,0.0
2011_000503.jpg,0.5719984769821167,1.0002
2011_000512.jpg,0.8294602036476135,0.0
2011_000521.jpg,0.9408568739891052,0.0
2011_000526.jpg,0.9303719401359558,0.0
2011_000536.jpg,0.9220912456512451,0.0
2011_000548.jpg,0.2480076253414154,0.0
2011_000566.jpg,0.8026615977287292,0.0
2011_000585.jpg,0.4626369774341583,0.0
2011_000598.jpg,0.40871548652648926,0.0
2011_000607.jpg,0.4635244905948639,0.0
2011_000618.jpg,0.7663769721984863,0.0
2011_000638.jpg,0.5380911231040955,0.0
2011_000658.jpg,0.8025983572006226,0.0
2011_000661.jpg,0.7619617581367493,0.0
2011_000669.jpg,0.8334997296333313,0.0
2011_000747.jpg,0.5273239016532898,0.0
2011_000780.jpg,0.5762699246406555,0.0
2011_000789.jpg,0.9402523636817932,0.0
2011_000807.jpg,0.740715742111206,0.0
2011_000809.jpg,0.4390851855278015,0.0
2011_000813.jpg,0.46880605816841125,0.0
2011_000830.jpg,0.5606191158294678,0.0
2011_000843.jpg,0.4097859859466553,0.0
2011_000874.jpg,0.6176815629005432,0.0
2011_000888.jpg,0.4576739966869354,0.0
2011_000900.jpg,0.9102128744125366,0.0
2011_000912.jpg,0.4984506666660309,0.0
2011_000953.jpg,0.5121179819107056,0.0
2011_000969.jpg,0.8983520269393921,0.0
2011_001005.jpg,0.3416745066642761,0.0
2011_001014.jpg,0.8953759670257568,0.0
2011_001020.jpg,0.5536723732948303,0.0
2011_001047.jpg,0.8916534185409546,0.0
2011_001060.jpg,0.6570046544075012,0.0
2011_001064.jpg,0.854010820388794,0.0
2011_001069.jpg,0.4917120933532715,0.0
2011_001071.jpg,0.8093026280403137,0.0
2011_001082.jpg,0.7983312606811523,0.0
2011_001110.jpg,0.7361295819282532,0.0
2011_001114.jpg,0.8992822170257568,0.0
2011_001159.jpg,0.46673011779785156,0.0
2011_001161.jpg,0.3248085081577301,0.0
2011_001190.jpg,0.43466445803642273,0.0
2011_001232.jpg,0.9318920373916626,0.0
2011_001263.jpg,0.7494447231292725,0.0
2011_001276.jpg,0.29485514760017395,0.0
2011_001281.jpg,0.9506873488426208,0.0
2011_001287.jpg,0.9449729323387146,0.0
2011_001292.jpg,0.9738968014717102,0.0
2011_001313.jpg,0.608410656452179,0.0
2011_001341.jpg,0.6425182223320007,0.0
2011_001346.jpg,0.3229258358478546,0.0
2011_001350.jpg,0.9360835552215576,0.0
2011_001407.jpg,0.9476149678230286,0.0
2011_001416.jpg,0.24516268074512482,0.0
2011_001421.jpg,0.5914531350135803,0.0
2011_001434.jpg,0.8922185897827148,0.0
2011_001447.jpg,0.5258702635765076,0.0
2011_001489.jpg,0.4994804263114929,0.0
2011_001529.jpg,0.38480958342552185,0.0
2011_001530.jpg,0.35672783851623535,0.0
2011_001534.jpg,0.9644995927810669,0.0
2011_001546.jpg,0.8993774652481079,0.0
2011_001567.jpg,0.4162083566188812,0.0
2011_001589.jpg,0.8906537294387817,0.0
2011_001597.jpg,0.912129282951355,0.0
2011_001601.jpg,0.22854016721248627,0.0
2011_001607.jpg,0.9434600472450256,0.0
2011_001613.jpg,0.5742040872573853,0.0
2011_001614.jpg,0.9004549980163574,0.0
2011_001619.jpg,0.6447254419326782,0.0
2011_001624.jpg,0.8237813115119934,0.0
2011_001642.jpg,0.9334233999252319,0.0
2011_001665.jpg,0.19698157906532288,0.0
2011_001669.jpg,0.49934133887290955,0.0
2011_001674.jpg,0.8344342112541199,0.0
2011_001708.jpg,0.9105736017227173,0.0
2011_001713.jpg,0.312654048204422,0.9999
2011_001714.jpg,0.49492013454437256,0.0
2011_001722.jpg,0.8831142783164978,0.0
2011_001726.jpg,0.4442232847213745,0.0
2011_001745.jpg,0.25822052359580994,0.0
2011_001748.jpg,0.33235013484954834,0.0
2011_001775.jpg,0.692017674446106,0.0
2011_001782.jpg,0.8086575269699097,0.0
2011_001793.jpg,0.36509132385253906,0.0
2011_001794.jpg,0.6276811361312866,0.0
2011_001812.jpg,0.2645670771598816,0.0
2011_001862.jpg,0.5250927805900574,0.0
2011_001863.jpg,0.6196452379226685,0.0
2011_001868.jpg,0.8767247200012207,0.0
2011_001880.jpg,0.47707852721214294,0.0
2011_001910.jpg,0.8655219078063965,0.0
2011_001984.jpg,0.9416841268539429,0.9995
2011_001988.jpg,0.5496285557746887,0.0
2011_002002.jpg,0.6194477081298828,0.0
2011_002040.jpg,0.9251211881637573,0.0
2011_002041.jpg,0.8235605955123901,0.0
2011_002064.jpg,0.5689986944198608,0.0
2011_002075.jpg,0.8534917831420898,0.0
2011_002098.jpg,0.22993364930152893,0.0
2011_002110.jpg,0.7606057524681091,0.0
2011_002121.jpg,0.9447259902954102,0.0
2011_002124.jpg,0.5275541543960571,0.0
2011_002150.jpg,0.5716294050216675,0.0
2011_002156.jpg,0.4437495470046997,0.0
2011_002178.jpg,0.20328214764595032,0.0
2011_002200.jpg,0.6761176586151123,0.0
2011_002223.jpg,0.5618959665298462,0.0
2011_002244.jpg,0.3768996000289917,0.9685
2011_002247.jpg,0.7036369442939758,0.0
2011_002279.jpg,0.9084782004356384,0.0
2011_002295.jpg,0.6014425158500671,0.0
2011_002298.jpg,0.592763364315033,0.0
2011_002308.jpg,0.9797027707099915,0.0
2011_002317.jpg,0.5900275707244873,0.0
2011_002322.jpg,0.577669084072113,0.0
2011_002327.jpg,0.6013234257698059,0.0
2011_002343.jpg,0.6935303211212158,0.0
2011_002358.jpg,0.4113449156284332,0.0
2011_002371.jpg,0.9023615121841431,0.0
2011_002379.jpg,0.841899573802948,0.0
2011_002391.jpg,0.2587960660457611,0.0
2011_002498.jpg,0.5231519341468811,0.0
2011_002509.jpg,0.44682157039642334,0.0
2011_002515.jpg,0.5160084962844849,0.0
2011_002532.jpg,0.8246014714241028,0.0
2011_002535.jpg,0.9395657777786255,0.0
2011_002548.jpg,0.7411485910415649,0.0
2011_002575.jpg,0.3568463921546936,1.0002
2011_002578.jpg,0.5069307088851929,0.0
2011_002589.jpg,0.9577200412750244,0.0
2011_002592.jpg,0.6199647784233093,0.0
2011_002623.jpg,0.5362070202827454,0.0
2011_002641.jpg,0.4185328483581543,0.0
2011_002644.jpg,0.4323672354221344,0.0
2011_002662.jpg,0.7517212629318237,0.0
2011_002675.jpg,0.6380468010902405,0.0
2011_002685.jpg,0.8324466347694397,0.0
2011_002713.jpg,0.5477126240730286,0.0
2011_002730.jpg,0.733555018901825,0.0
2011_002754.jpg,0.6266405582427979,0.0
2011_002812.jpg,0.4438057541847229,0.0
2011_002863.jpg,0.5247513055801392,0.0
2011_002879.jpg,0.6543437838554382,0.0
2011_002885.jpg,0.9151401519775391,0.0
2011_002929.jpg,0.6049599647521973,0.9975
2011_002951.jpg,0.47359734773635864,0.0
2011_002975.jpg,0.5562592148780823,0.0
2011_002993.jpg,0.5390928387641907,0.0
2011_002997.jpg,0.6260379552841187,0.0
2011_003003.jpg,0.5740922093391418,0.0
2011_003011.jpg,0.2779400944709778,0.0
2011_003019.jpg,0.5655413866043091,0.0
2011_003030.jpg,0.8803002834320068,0.0
2011_003055.jpg,0.8376595973968506,0.0
2011_003085.jpg,0.40709421038627625,0.0
2011_003103.jpg,0.44669634103775024,0.0
2011_003114.jpg,0.5962978601455688,0.9956
2011_003145.jpg,0.8585056066513062,0.9975
2011_003146.jpg,0.8445736765861511,0.0
2011_003182.jpg,0.24128718674182892,0.0
2011_003197.jpg,0.7731806039810181,0.0
2011_003205.jpg,0.4965471029281616,0.0
2011_003240.jpg,0.6006730198860168,0.0
2011_003256.jpg,0.8379326462745667,0.0
2011_003271.jpg,0.9627983570098877,0.0
